freq,smoothed,sv
1.0,-14.533163968519785,-25.91231120629562
2.0,-16.28061373287082,2.5706198911050073
3.0,-17.58510694902474,-19.46707401392487
4.0,-18.502746222289527,-12.787249610968187
5.0,-19.08963415797315,-35.62257458201395
6.0,-19.40187336138359,-20.626291844719553
7.0,-19.495566437828813,-14.871620453179641
8.0,-19.4268159926168,-17.89837926985965
9.0,-19.251724631055517,-21.182797162776758
10.0,-19.02639495845304,-14.753427739706664
11.0,-19.518429322043623,-19.89768872922919
12.0,-18.520572673515836,-19.611318097792505
13.0,-19.052198419630187,-19.612027488167517
14.0,-18.683572849708057,-19.39943059668114
15.0,-20.93237526129611,-16.681729721912085
16.0,-21.630875282875227,-16.728212041251783
17.0,-22.501619063371376,-25.324087930099246
18.0,-23.4155692733053,-22.410319906617552
19.0,-24.154343129194082,-22.956907572519377
20.0,-23.25399659117834,-33.851697347546256
21.0,-24.127075377828174,-24.701294151490654
22.0,-24.605691521794444,-22.87129687140327
23.0,-24.41682592795051,-26.523432984655486
24.0,-24.202187042877846,-18.701557277193114
25.0,-23.411786752566783,-27.641628940809447
26.0,-21.877672505794628,-18.895244392568394
27.0,-21.740013126114206,-16.78435415593263
28.0,-21.43589539187998,-19.46339396568741
29.0,-21.038873973704654,-34.27342728907259
30.0,-21.34136831983484,-16.42688583788578
31.0,-22.024276526911667,-16.779683907214515
32.0,-22.01814707479941,-22.413648209082755
33.0,-22.546717459290704,-20.746886369210237
34.0,-22.759299538459835,-22.556819150169964
35.0,-23.33125375263532,-30.787914967594062
36.0,-22.771836320887502,-22.708430624963263
37.0,-22.898126626858463,-21.615952314203216
38.0,-22.360437787466665,-22.43807200464511
39.0,-24.442558662723297,-28.657176027834904
40.0,-25.76357287123259,-18.47050763339254
41.0,-25.913119446325613,-25.448028339679677
42.0,-26.103748854517328,-24.798708948029343
43.0,-26.212164537271207,-21.027507109521835
44.0,-24.813264409473383,-26.229967197087618
45.0,-26.608769426152612,-36.15784961952402
46.0,-28.1157646307133,-26.703371345968684
47.0,-29.006171068508145,-39.015185006200035
48.0,-28.951739516020503,-26.372778507659156
49.0,-29.19226325859422,-16.56503525605922
50.0,-28.97183210051098,-25.16416725395242
51.0,-29.01251703795842,-28.211544236000332
52.0,-28.753938578522174,-26.546084760782097
53.0,-28.157087058639426,-51.724149278250266
54.0,-27.750309538337802,-26.349890444050562
55.0,-28.07332967496358,-19.526414393171976
56.0,-27.398399225901585,-19.84870183313296
57.0,-28.252670031322545,-28.472077543193794
58.0,-27.647065608460633,-31.80510597652402
59.0,-26.339856190107408,-26.280434468152425
60.0,-25.576291275693162,-26.356120318408646
61.0,-24.80146598457656,-27.65380376285333
62.0,-24.244602097789183,-24.540381626112318
63.0,-25.556660686984234,-22.817806396620945
64.0,-25.78016612324317,-22.830290281959993
65.0,-25.373776649994245,-26.568684817248283
66.0,-24.742302934949162,-21.280917854232058
67.0,-24.887937695246592,-29.511563969246772
68.0,-25.812087266646696,-26.63818892728211
69.0,-26.25612533923703,-24.728352781054
70.0,-26.428205402968786,-27.318706172377112
71.0,-27.20386827501461,-22.097126457564784
72.0,-27.313072559577062,-30.539163796296386
73.0,-27.24137968463188,-27.3269749137634
74.0,-26.47652125387039,-27.958323948650836
75.0,-26.099791618660596,-29.051608899816422
76.0,-25.17750737889342,-27.895217111516807
77.0,-24.770150677869005,-22.9879586379643
78.0,-24.577467871871626,-23.508972368406972
79.0,-25.2226022161111,-26.790387872067583
80.0,-25.469774678381228,-19.904638741284472
81.0,-25.808312535949508,-23.307298556513647
82.0,-26.327131299840012,-21.29260290905084
83.0,-26.571683362782554,-28.242971975887713
84.0,-26.758709345158515,-28.011157551641503
85.0,-27.303483344788987,-30.31401404462562
86.0,-28.928641266298868,-35.19853111456961
87.0,-28.417662106046645,-34.95742636316714
88.0,-29.004533128488582,-23.205899774683818
89.0,-29.65290537074167,-30.21198528369065
90.0,-29.696182219937036,-22.304860373573376
91.0,-29.367381671017412,-26.941509657682605
92.0,-28.410345417815886,-28.740347570334567
93.0,-27.76498362164971,-32.373043185467246
94.0,-27.588414664593596,-32.54036755700089
95.0,-27.742679583360847,-17.49677422199953
96.0,-27.905088180667036,-39.0053104981863
97.0,-29.247952542129013,-26.38762285404463
98.0,-29.03567738077855,-27.026312327800266
99.0,-29.06044873187861,-24.198903562123913
100.0,-28.555874111448286,-27.872054587559756
101.0,-28.15229408687709,-31.209318024129967
102.0,-29.48648530336859,-34.34268339510706
103.0,-29.985795268487415,-29.260082656444464
104.0,-30.975139123670132,-26.97215475856915
105.0,-30.23513462715967,-34.69013082197127
106.0,-31.678454371215736,-23.052993534514048
107.0,-31.80052202632152,-29.922362379882728
108.0,-31.373724758259254,-34.95280591012503
109.0,-30.85200530865382,-35.4532777633634
110.0,-30.074535710195605,-40.63974668790503
111.0,-29.79673597374676,-19.649211479415428
112.0,-29.86994638894405,-31.806386068528663
113.0,-29.44849255401006,-27.122166161416317
114.0,-28.8782035431886,-30.742197699002304
115.0,-27.21833014923991,-22.445292498065132
116.0,-26.13870371546929,-24.89393500000652
117.0,-25.724750295199176,-30.024440166889374
118.0,-26.035125686531615,-25.530379012795187
119.0,-25.89432124143549,-29.539310130384962
120.0,-27.431210489990626,-25.66243661982707
121.0,-27.79970948612809,-23.94162935186818
122.0,-28.7950821856051,-24.07659569649079
123.0,-28.573823785107074,-20.13405830230696
124.0,-28.704060960858033,-44.97743660254366
125.0,-28.852024753784164,-31.173283693061272
126.0,-29.072918693409225,-29.01419798818178
127.0,-29.73373729195222,-26.113539010953684
128.0,-28.76996496887198,-37.19908442592028
129.0,-30.1033236886998,-28.81621694246409
130.0,-29.956712985758898,-21.92368241260447
131.0,-29.782617634129593,-21.84285982983424
132.0,-29.766849882933833,-32.97300000188487
133.0,-28.74536538210025,-36.21050602354806
134.0,-30.34050595657502,-29.143763624256962
135.0,-31.089922244044367,-28.186397003114067
136.0,-31.857833759855595,-26.482576500493863
137.0,-31.986345270956598,-45.40778972748213
138.0,-32.1171221265556,-22.195967606910784
139.0,-32.12989517282167,-35.51033713151956
140.0,-31.58698733045016,-34.20754742129556
141.0,-30.85640970958236,-30.100796796511993
142.0,-29.60375336203898,-35.20315936460777
143.0,-29.81797455053379,-28.679963404075046
144.0,-29.559121524855062,-28.069886950916043
145.0,-29.280610217951352,-23.03107798329801
146.0,-28.62196963223359,-23.08218741406111
147.0,-30.161278584948345,-34.45398926461779
148.0,-28.906424705671384,-30.646556696893988
149.0,-28.90329054290359,-27.99701299815663
150.0,-29.605483272690257,-23.68718696247806
151.0,-29.707787030250895,-40.776450177666426
152.0,-30.347418372376225,-30.531744431785512
153.0,-29.498779965162225,-30.55948842197231
154.0,-29.434925359073887,-28.40510214387593
155.0,-27.983337736121193,-28.785940145869784
156.0,-27.08562620327055,-20.25173117530352
157.0,-26.54862736853455,-32.24852877918396
158.0,-26.64120571262638,-30.450156435033456
159.0,-25.932823100372314,-21.32422475870346
160.0,-24.76175620560329,-22.79743127287885
161.0,-26.54393780948731,-19.703766297200232
162.0,-27.67162620396504,-33.0820995112092
163.0,-29.047368015287656,-23.17935336206292
164.0,-29.555139930716862,-34.888449148982204
165.0,-30.039054004900198,-26.75119563701759
166.0,-29.270411112291278,-35.13562306852451
167.0,-30.47901349268746,-27.01798948710266
168.0,-31.66677425643934,-36.58655767253893
169.0,-31.639583581632728,-41.91279571185321
170.0,-30.693963509438653,-26.166009130440358
171.0,-29.72561655286614,-25.98243477399837
172.0,-30.234373446683485,-21.292128461195546
173.0,-29.53480825331704,-28.873783891680176
174.0,-29.99093005579818,-30.484874654088582
175.0,-29.450408804778668,-38.64711806160724
176.0,-29.64062659992414,-26.373986889440822
177.0,-29.304329991486867,-24.126472845306928
178.0,-29.40701804353255,-26.923765644001854
179.0,-29.75051184794452,-37.96185612424641
180.0,-29.431759531493338,-33.976404471303866
181.0,-28.83235236589648,-27.040010384881043
182.0,-28.417686886779563,-30.149379683378008
183.0,-28.283810572973625,-25.407571676524896
184.0,-29.013727126119104,-28.302621517944058
185.0,-29.902954090323668,-26.76659608794308
186.0,-30.246474570079794,-23.502353127367908
187.0,-29.917102674421354,-26.53514925796442
188.0,-29.946937958479936,-35.19844495963777
189.0,-30.66926477236008,-33.347628976750514
190.0,-31.38961395694275,-38.76692855668283
191.0,-31.095059761277803,-31.511465705996407
192.0,-31.210904647278657,-34.407608517684714
193.0,-30.91110689767426,-24.382286469165226
194.0,-30.22194978562202,-31.767442387275892
195.0,-30.20076485168554,-27.529593640043537
196.0,-29.463579616352547,-30.816639717818646
197.0,-28.517493340240907,-25.74800315597418
198.0,-28.45774048249642,-27.63560421348782
199.0,-28.216715034591992,-25.339085794505245
200.0,-28.55981179279309,-31.11715157184173
201.0,-28.93364718612161,-29.153672307247845
202.0,-28.7702261102243,-28.46133269115441
203.0,-28.88193134358674,-36.28300813400037
204.0,-28.16399967150496,-25.89938971605445
205.0,-27.314890932063637,-27.326428833244606
206.0,-28.473696884341702,-29.454125888841713
207.0,-29.026776072292815,-26.32724482068675
208.0,-29.267254018968117,-27.610428294590655
209.0,-28.70297041407494,-28.54277337969512
210.0,-29.129418142543962,-22.335250284335917
211.0,-28.94880971285319,-34.08387666172332
212.0,-28.660073492049513,-20.632757058654114
213.0,-29.439273704728517,-38.997250513977654
214.0,-28.9814507620186,-43.46311777522445
215.0,-28.05282983886777,-24.135534703962808
216.0,-29.529273430831214,-23.353838971862444
217.0,-30.372613321150403,-25.60371791894951
218.0,-30.848604827646113,-31.968466909297625
219.0,-31.07370351382044,-24.552389647096412
220.0,-30.593264661076233,-29.888791368943657
221.0,-30.320994195144827,-31.391609735884135
222.0,-28.603307042287163,-28.154347056409943
223.0,-29.22971804329945,-36.1148532879059
224.0,-30.373850628743867,-48.95386302401765
225.0,-30.677115870450756,-23.546749087171307
226.0,-31.100020507746322,-23.8971348253419
227.0,-31.367038056880293,-25.55918364606958
228.0,-31.967013882444846,-26.897407596093572
229.0,-31.720147381836853,-25.373865922839972
230.0,-31.407319227618334,-33.53520749019453
231.0,-31.254707759233714,-40.33293270978625
232.0,-30.88973410498965,-32.0735942419286
233.0,-30.99183588177249,-38.13838120934227
234.0,-32.41071533142701,-34.12333036178315
235.0,-31.61045521368414,-28.600677005867748
236.0,-31.119141226561894,-28.018300024585344
237.0,-29.39825289788506,-27.2853530164317
238.0,-28.889350604768474,-27.037778253747774
239.0,-27.740241763657753,-29.93248743387161
240.0,-27.01495613030437,-28.30198775054472
241.0,-27.67081584278937,-24.952433669964247
242.0,-27.431240547948462,-24.961318621099686
243.0,-26.897847844236967,-25.517152467626694
244.0,-27.287633557724018,-30.975424238488955
245.0,-27.65201768063549,-23.673062953678983
246.0,-27.991147635128584,-39.33681932655042
247.0,-28.167553152083592,-24.949131425877514
248.0,-27.927844917648816,-27.521173369541412
249.0,-28.02765888033602,-29.428297681208146
250.0,-27.78968360531878,-20.43889718451062
251.0,-27.842188064630612,-23.654626618925683
252.0,-27.619377494960002,-38.29434431432014
253.0,-27.53374274065718,-30.031842994390907
254.0,-27.648582948361533,-26.70339046791403
255.0,-28.02719726471263,-25.720440350224266
256.0,-28.732884836350046,-25.842719089987863
257.0,-29.828944809913335,-30.681520484822062
258.0,-31.378676332042073,-31.234320548384268
259.0,-33.445378549375825,-37.6736864479058
260.0,-36.09235060855416,-33.4182552300122
