Freq_kHz,TS,f_bs
1.00,-58.23474127623895,(0.0012253418341840114+6.264341948607908e-06j)
2.00,-37.134124597248515,(0.013814603202040192+0.0016171318749075318j)
3.00,-36.6243828840333,(-0.014493703721431116+0.0027356657063218434j)
4.00,-41.310938716626275,(-0.00850857377406525+0.0012444738575966938j)
5.00,-42.873385998788585,(-0.007100205790210098+0.0010901686535203646j)
6.00,-43.63642721999816,(-0.006486442359151525+0.0011013830292386246j)
7.00,-44.062965767796165,(-0.0061550594533831045+0.0011631562062365893j)
8.00,-44.05108519290057,(-0.0061480201043207445+0.0012437940916397844j)
9.00,-44.94380811650945,(-0.005501253430669477+0.001330714863131527j)
10.00,-45.04326688993306,(-0.00541051159132723+0.001426765900752455j)
11.00,-45.21990567561946,(-0.0052687234359393206+0.0015172242017597222j)
12.00,-45.44085114150307,(-0.005102241617051606+0.0015929331700469842j)
13.00,-45.85196126300673,(-0.004839004263061741+0.0016043359277982232j)
14.00,-41.47524738758685,(-0.007340237145547688+0.004161747566013223j)
15.00,-45.164349708287695,(-0.005083489361122973+0.002146293241225853j)
16.00,-45.48442473398519,(-0.0048561983187679686+0.0021685076414120104j)
17.00,-45.67386437577967,(-0.00469808133228803+0.0022373742217809685j)
18.00,-45.812108209346796,(-0.004567309518083798+0.002317139068932853j)
19.00,-45.793512644462915,(-0.004530858785759079+0.0024110823431151758j)
20.00,-46.45418903534058,(-0.004087644729762701+0.0024322356576076416j)
21.00,-46.46274099938188,(-0.004028526858314577+0.0025201336047294344j)
22.00,-46.59947463224941,(-0.003897148818354883+0.002586985510406628j)
23.00,-46.77041929360841,(-0.0037494383455205127+0.0026414892535413497j)
24.00,-47.004645126878685,(-0.0035791215268073514+0.002668554426725886j)
25.00,-39.1118137396559,(-0.002441896685694592+0.010804157207959499j)
26.00,-47.02028752339227,(-0.0033861019534912524+0.0028972310728222666j)
27.00,-47.26679037259851,(-0.003211704048722566+0.0029066758231075327j)
28.00,-47.46380576926551,(-0.003055186774840028+0.0029321407681715166j)
29.00,-47.63668437453213,(-0.0029103153275718916+0.0029600508586383758j)
30.00,-47.68397294016555,(-0.002827038809488953+0.003008832879813474j)
31.00,-48.41134040611135,(-0.002433508126265274+0.002914573975366075j)
32.00,-48.45438368787572,(-0.002352853022238971+0.0029561134158219726j)
33.00,-48.65200322352649,(-0.0022083430582060387+0.0029601958530584855j)
34.00,-48.88259562735002,(-0.0020543443217480393+0.002951930753582132j)
35.00,-49.14746097021631,(-0.0018947488363815987+0.002928975786794631j)
36.00,-52.578078613899805,(-0.0010484809739048867+0.0021033081221495924j)
37.00,-49.530719499174566,(-0.0016044623979682136+0.002926909605980988j)
38.00,-49.82519873941521,(-0.0014467980105539254+0.002884004190901583j)
39.00,-50.102494250201666,(-0.0012958662400848603+0.0028438516165824705j)
40.00,-50.36456108088749,(-0.0011541275629545769+0.0028040726709778656j)
41.00,-50.50193582452626,(-0.0010605504225936586+0.002789940932202166j)
42.00,-51.368806510689964,(-0.0007264685351707338+0.002601696268861868j)
43.00,-51.486800584904486,(-0.0006460626440621985+0.0025852678917486784j)
44.00,-51.77641675513129,(-0.0005160678378591109+0.0025251897578043724j)
45.00,-52.09483379455573,(-0.0003829123188440518+0.002454927152394718j)
46.00,-52.42929406437823,(-0.00025259931080438873+0.0023773743827359833j)
47.00,-53.29140651645241,(-0.0001261535839526654+0.002161180471492126j)
48.00,-53.06439415097596,(-1.0048741779873698e-05+0.0022221626926608837j)
49.00,-53.403183864369566,(8.748754242952882e-05+0.0021353871045645197j)
50.00,-53.72683077827668,(0.0001343188724151869+0.00205462422905001j)
51.00,-53.78445730158303,(-0.00031914031005970283+0.0020203438093160304j)
52.00,-54.0538244320307,(0.0008336526870803724+0.0017991831045909284j)
53.00,-54.666018707513295,(0.0008977472178228745+0.0016152734409272706j)
54.00,-54.799370645950944,(0.0009366068149426888+0.00156030727088201j)
55.00,-49.19470512830256,(-0.0020395067649413116+0.0028067282233663108j)
56.00,-55.53855428541964,(0.0009532181957466117+0.001372897910206154j)
57.00,-55.668587144474124,(0.0010556428531750249+0.0012636026380331584j)
58.00,-55.77944743485115,(0.0011023551780113472+0.0011948046038410842j)
59.00,-55.14754053841471,(0.0014533082990802208+0.0009718778880915877j)
60.00,-55.67973589281195,(0.0013730303419908774+0.0009049367296695371j)
61.00,-55.69277535214839,(0.001436557983610432+0.0007951837251286042j)
62.00,-55.411244594195985,(0.0015539494398135428+0.00067956976914647j)
63.00,-56.97068152979959,(0.0012649491723278126+0.0006392817421015318j)
64.00,-55.93060090409971,(0.0015446907665539451+0.0004077726850676463j)
65.00,-55.866823580459936,(0.0015760344048975012+0.0003259174358042871j)
66.00,-55.79550163502661,(0.0016073687570444426+0.00022216993295236977j)
67.00,-55.49117656648821,(0.0016777085097182992+9.69996608148469e-05j)
68.00,-55.419083623731076,(0.001694508528765391-5.218854055842661e-06j)
69.00,-54.031323458382175,(0.0019877458441648157-3.644190827298823e-05j)
70.00,-54.91439111578649,(0.0017815380839520233-0.0002266131571377067j)
71.00,-56.38993319783626,(0.0014901423395623941-0.0002750632200971084j)
72.00,-55.44437448006987,(0.0016409336265863406-0.0004025549470519807j)
73.00,-55.25581783142805,(0.0016527385041726495-0.00049984147405792j)
74.00,-55.22603736213191,(0.0016343336776645707-0.0005751988586458194j)
75.00,-54.79068494890363,(0.0016673349491024845-0.0007337679033039357j)
76.00,-54.79557893933909,(0.0016352583067570532-0.0008003837033401545j)
77.00,-54.70985454807415,(0.0016129815466091504-0.0008826392906427225j)
78.00,-54.55494138631533,(0.0016026882547255368-0.0009669128841599095j)
79.00,-51.64322162777658,(0.0023457748174975537-0.0011606634545021225j)
80.00,-56.54324117436134,(0.0011598729229411722+0.0009334004405038888j)
81.00,-54.84772670218375,(0.001386920756661104-0.0011625711437918728j)
82.00,-54.76512063084378,(0.0013510147711125874-0.001229947731022908j)
83.00,-54.70731712857059,(0.0013093103516763627-0.0012916825535766556j)
84.00,-51.11366677209544,(0.0025400693915550864-0.0011340764526002393j)
85.00,-54.991628484914045,(0.001123693101816611-0.0013804683980844167j)
86.00,-54.75412193198619,(0.0010942366156740776-0.00146598872387418j)
87.00,-54.7771605078846,(0.0010361181985184837-0.0015017424240741958j)
88.00,-55.29024934924091,(0.0008562341349800681-0.0014915447508786106j)
89.00,-55.0443376042182,(0.0008540334479434408-0.001549446586274413j)
90.00,-55.05467860719946,(0.0007886994408476947-0.0015813496391309052j)
91.00,-57.83552336613184,(0.0003096173245768292-0.0012450721665455513j)
92.00,-55.42254226301814,(0.0005430765958523801-0.0016044215137903817j)
93.00,-55.34658848943149,(0.0005417267588312465-0.0016205714293490371j)
94.00,-55.45187272983025,(0.0004481674202335346-0.0016275549461514912j)
95.00,-55.72296169552665,(0.00015305392102926425-0.0016290845193212954j)
96.00,-55.60314543330424,(0.00032814629433369714-0.0016262086734812155j)
97.00,-55.848214395524124,(0.00014839417695407958-0.0016059912852946319j)
98.00,-55.8875951711111,(0.0001014274269447324-0.0016023297480208733j)
99.00,-55.995699103473626,(1.6780884681352286e-05-0.0015855893642336607j)
100.00,-56.10241218646863,(-7.324831807139496e-05-0.0015646023673340545j)
101.00,-56.17786970397995,(-0.0002198273414617287-0.0015371284144426803j)
102.00,-57.23747638819333,(-0.00043194640713033097-0.001304803069096848j)
103.00,-56.506093423559975,(-0.000284445973304396-0.0014678803641328664j)
104.00,-56.347686358013924,(-0.00046917801994627396-0.0014486205588286314j)
105.00,-56.932608481197526,(0.00023639158083689228-0.0014037749922205522j)
106.00,-57.33159645009848,(-0.00043656534866793993-0.0012876333546838693j)
107.00,-57.390100234998556,(-0.000501884826283745-0.001253780374909911j)
108.00,-57.88707273035563,(-0.0004948023576960442-0.0011755064519152838j)
109.00,-56.90401910595308,(-0.0008093362942933431-0.0011767854898248541j)
110.00,-57.14267546428327,(-0.0008481671501434833-0.0011006320833688206j)
111.00,-57.68099499060003,(-0.0007756139073192467-0.001050768589392094j)
112.00,-57.18560576002977,(-0.0009519442355661833-0.0010027905163583189j)
113.00,-57.884482427801416,(-0.001018854322894463-0.0007678223391578875j)
114.00,-57.96266021606991,(-0.0009655386864740552-0.0008162803344803871j)
115.00,-58.687219553282375,(-0.0008920804168901676-0.0007464120819609874j)
116.00,-56.25844694029384,(-0.00136187566944652-0.0007155840795943701j)
117.00,-57.60690077591968,(-0.0011674394520675361-0.0006100220053496448j)
118.00,-57.74362694406981,(-0.0011838478870403667-0.0005289362612753565j)
119.00,-57.884111461003485,(-0.0011952075067537726-0.00044635560441858214j)
120.00,-59.34896874143086,(-0.0009931720863210671-0.00041872860727762087j)
121.00,-58.14449295327699,(-0.001202941688144472-0.00029319187387562995j)
122.00,-58.18365491188152,(-0.0012145444814608722-0.0002101192910612476j)
123.00,-57.128173186221304,(-0.0013876801088112847-0.00010761313256212236j)
124.00,-57.12633429300646,(-0.0013919888036548662+2.05980871518077e-05j)
125.00,-57.666856824859735,(-0.00130771177633163+3.3812488940251406e-05j)
126.00,-57.570297315748284,(-0.0013181396308919882+0.00011061108715170351j)
127.00,-57.499458140894795,(-0.0013209431062928842+0.00018333195465135236j)
128.00,-57.734402038557434,(-0.0012696779305411477+0.0002697449582441378j)
129.00,-57.502329462358794,(-0.0012861678984471324+0.00035085320564053225j)
130.00,-58.085148688361954,(-0.0011784903817051566+0.00040654950742013583j)
131.00,-58.53099719374899,(-0.0010689744622573473+0.0005096913156355663j)
132.00,-57.469328279258114,(-0.0012217271349757764+0.0005461370112721235j)
133.00,-57.56064483156541,(-0.0011726911659607354+0.0006151548893254392j)
134.00,-57.5321121730711,(-0.0011430711650980017+0.0006771760745326034j)
135.00,-56.83764455827471,(-0.0012189056321554026+0.0007652015918141429j)
136.00,-57.53206168598972,(-0.0010459299692573906+0.000819286362803083j)
137.00,-57.47510118821852,(-0.0010127186403514345+0.000873444224294713j)
138.00,-57.44634708015632,(-0.0009680656381338393+0.0009291036168208056j)
139.00,-57.265372770061234,(-0.0009238745246158279+0.001011656644006228j)
140.00,-57.86898203743256,(-0.000772013401760039+0.0010185431157917848j)
141.00,-57.46928434937891,(-0.0008123293958523475+0.0010634951317858323j)
142.00,-57.359332659164636,(-0.0007759220567565338+0.0011112000409537804j)
143.00,-57.12661896990534,(-0.0007955523103914046+0.0011423776074679583j)
144.00,-57.183023940940565,(-0.0005945049923663737+0.0012487943502884917j)
145.00,-53.887331395582265,(-0.0009464661282034258+0.0017860306542829701j)
146.00,-58.873958111929845,(-0.0004465897099938933+0.0010471653191491137j)
147.00,-58.53014981380505,(-0.00039154039424885314+0.001117793108648455j)
148.00,-58.89579009948128,(-0.0003197751610904671+0.001089606712565335j)
149.00,-53.569885316816375,(-0.0011351909407315524+0.00176263261991101j)
150.00,-57.48276775046517,(-0.00026900586577415165+0.001308810626719413j)
151.00,-57.673678568643105,(-0.00023474618667194597+0.0012858700307759115j)
152.00,-57.8238745584074,(-5.926440019637461e-05+0.0012833457790236585j)
153.00,-58.04234802592199,(6.0997851371327033e-05+0.001251316616469501j)
154.00,-57.90567969398425,(-0.00013962733816017876+0.0012649880198331194j)
155.00,-58.44356984829791,(0.00012165881319890556+0.0011900463331145172j)
156.00,-60.646635902480156,(0.0009279822731985218+2.2579799607467365e-05j)
157.00,-57.57974872174379,(0.0002035412408033049+0.00130556276393874j)
158.00,-57.95265875179034,(0.0002559143437551266+0.0012396660971977622j)
159.00,-58.22104935901276,(0.0003772145960512679+0.0011678836528099849j)
160.00,-57.81738209376043,(0.0005552536992378226+0.001159590972078184j)
161.00,-58.275919397153146,(0.0004907281210654538+0.0011164758775361627j)
162.00,-58.364029794456286,(0.0005372662847373657+0.0010811134083434598j)
163.00,-58.72318515179994,(0.0006480316223358106+0.000960122671149991j)
164.00,-58.219148501495425,(0.0004999026819377912+0.0011211600226174376j)
165.00,-58.39367074380819,(0.0006803732036513675+0.0009922903525224121j)
166.00,-58.48228352731095,(0.0007328697187249585+0.0009387297537015366j)
167.00,-58.46454322007848,(0.00073461923064424+0.0009404528748182472j)
168.00,-58.967661129615536,(0.0008177909779878312+0.0007743078543914827j)
169.00,-58.5865656220621,(0.0009212232059808943+0.0007321261731969889j)
170.00,-58.7338455392252,(0.000935163643490645+0.0006811460425951857j)
171.00,-58.97008153334927,(0.001026316571177739+0.00046292803245343483j)
172.00,-58.70413226895142,(0.0009909520872003234+0.0006047263257780397j)
173.00,-58.93941728218718,(0.000987738801531483+0.0005486183986763553j)
174.00,-61.41921343863535,(0.0005857153879780797+0.0006149598172534548j)
175.00,-57.95966322399008,(0.0012389464765447823-0.0002543495631521552j)
176.00,-58.91008620621313,(0.0010976471980328223+0.00028360496517999345j)
177.00,-59.70906022613498,(0.001012169575598127+0.00021165771487465104j)
178.00,-58.89384688447248,(0.0011221878933814103+0.00017541487531860258j)
179.00,-58.942788624026285,(0.0011211167129145335+0.0001368092866931835j)
180.00,-58.9552810360993,(0.0011265124945396957+5.4083616923228774e-05j)
181.00,-58.68563544766103,(0.0011633264181890879-1.0182853085378883e-05j)
182.00,-57.101312881869546,(0.0013891895080260018-0.00013931172699748262j)
183.00,-59.143197524483746,(0.0010727138793676038-0.00025957151683685646j)
184.00,-58.93371931884779,(0.0011095213342477946-0.00021736723242760363j)
185.00,-59.905628750824036,(0.0009772083186506322-0.00025890441529352593j)
186.00,-57.32682876564602,(0.0012931410161634762-0.00042238106871051264j)
187.00,-58.88100473604047,(0.0010610196994144958-0.00041004104988710816j)
188.00,-59.08441285711612,(0.0010150650193123908-0.00045203454982287514j)
189.00,-59.284852650796566,(0.0009712169301518522-0.00048553084230582266j)
190.00,-60.45365841844231,(0.0008483967708866278-0.0004254819729070082j)
191.00,-57.652789891622774,(0.0009702464211035988-0.000880583355461971j)
192.00,-58.624489371997186,(0.000882020746625174-0.0007711431398222333j)
193.00,-46.9780212075116,(0.0027363985932237953-0.003544852344721087j)
194.00,-52.69360443783921,(0.001803427549360198-0.001458040249543085j)
195.00,-59.443891566698866,(0.0007474239677406268-0.0007602405970007522j)
196.00,-58.942347073377164,(0.0007255701210104016-0.0008656195262562658j)
197.00,-59.17022061618512,(0.0006412066269711581-0.0008940865169344818j)
198.00,-59.14369220674601,(0.0006043883280083568-0.0009234004817162281j)
199.00,-58.10375573608922,(0.0006075211550995995-0.0010855394247006815j)
200.00,-58.7901605730469,(0.00048100540770879924-0.0010439734575988738j)
201.00,-57.74674589759413,(0.0005275754870699574-0.0011839453100661993j)
202.00,-59.184844667604956,(0.0003962803888452285-0.001024416464178534j)
203.00,-59.80637823352232,(0.00030241908118023073-0.0009767980950966323j)
204.00,-58.237650266168195,(0.0004748961623138859-0.0011291457341101351j)
205.00,-57.91783918261573,(0.0002184459195232364-0.0012519757807231049j)
206.00,-59.272187008586876,(0.00014416933496271084-0.0010778038576865425j)
207.00,-51.631004053227166,(-0.0023154402467190994-0.001227938354206025j)
208.00,-58.713206737478885,(8.133014856484164e-05-0.0011568285842383382j)
209.00,-59.28824448347501,(-8.350158288818299e-05-0.001082178160178189j)
210.00,-59.055774581655115,(-6.657219437761842e-05-0.0011128472895095079j)
211.00,-58.409402269491565,(-5.941342140646495e-05-0.0011994931815287083j)
212.00,-59.75902942128521,(-0.0003049556478480181-0.0009818634173169697j)
213.00,-59.02926052197425,(-0.00027456030400407617-0.0010840150233267286j)
214.00,-59.170814841466346,(-0.0003329655218951187-0.001048572829422327j)
215.00,-59.316633570247284,(-0.0003929990880879242-0.0010079474170905434j)
216.00,-59.03762950365608,(-0.0004319088864683533-0.001030300572369873j)
217.00,-59.360499424892836,(-0.000505602451249846-0.000950268524882728j)
218.00,-59.2426316889901,(-0.0005206497275711118-0.0009588765470087673j)
219.00,-59.37865444946179,(-0.0005107555989058232-0.0009449547075960142j)
220.00,-58.62457217965534,(-0.0003347427546584364-0.0011227392644798128j)
221.00,-55.92489923218174,(-0.001474152740678194-0.0006185263911600837j)
222.00,-59.285809182835685,(-0.0007397508352044261-0.0007946770285905402j)
223.00,-59.40538187953419,(-0.0007821690460743768-0.0007313981590587337j)
224.00,-59.47695172614449,(-0.0008024925403301392-0.0006956972231907095j)
225.00,-59.56863644223259,(-0.0008269919128070573-0.0006484671918474j)
226.00,-59.677825855312776,(-0.0008508592137696678-0.0005941740837976813j)
227.00,-61.8916739904278,(-0.0006179918593811367-0.00051476138557949j)
228.00,-57.84186365136102,(-0.0004335362093978568-0.0012065291518802838j)
229.00,-59.54391105078412,(-0.0009699146162539994-0.00041230649048138j)
230.00,-59.701492349512016,(-0.0009764101375906167-0.00034318276416998845j)
231.00,-59.197020430551895,(-0.001088735263853704-0.00013321066736370643j)
232.00,-58.68690818364662,(-0.0011002478027857896-0.0003774787965561485j)
233.00,-59.06925399812999,(-0.0010755130957761656-0.000286846610181259j)
234.00,-58.78925717040734,(-0.0011236571530106579-0.00024272670671776015j)
235.00,-60.91999405295837,(0.0001668140808942871+0.0008838948294540589j)
236.00,-60.32780357582911,(-0.0009628311660520899-1.596331694903892e-05j)
237.00,-59.68159831129096,(-0.0010333387944615178+9.099481585685396e-05j)
238.00,-59.6802696174591,(-0.0010316923658999313+0.00010958671927867714j)
239.00,-64.9988780785466,(-0.0005477291128715868-0.00012768041048450863j)
240.00,-59.74585543453788,(-0.0010077593760209546+0.00021139090871233004j)
241.00,-60.33183184142792,(-0.0009506845406877239+0.00015045888409356123j)
242.00,-58.531388327165686,(-0.001182491248946702+6.38731487170031e-05j)
243.00,-58.58788670029191,(-0.0009716962961281556+0.0006633597075067144j)
244.00,-60.194743409371355,(-0.0008714189180934098+0.0004435969498475212j)
245.00,-60.26275053909416,(-0.0008385663988558667+0.00048795455568905914j)
246.00,-59.22029147471645,(-0.0009897412839852367+0.0004659102983354053j)
247.00,-57.66091126198959,(-0.0011547296539683968+0.0006166012803845728j)
248.00,-59.88843443737723,(-0.0007843650902845048+0.0006409314544248855j)
249.00,-59.785808597533574,(-0.0007729382562334622+0.0006731435875286889j)
250.00,-60.24258157106714,(-0.0006558412909101869+0.0007180160576987506j)
251.00,-59.81669532138967,(-0.0006360532137824504+0.0007990914662623785j)
252.00,-59.939293370455474,(-0.0005879973799586458+0.0008175178599101324j)
253.00,-58.88956668393618,(-0.0004513266493879535+0.0010429057323760272j)
254.00,-60.38121249548746,(-0.0005777956587137953+0.0007629658612141185j)
255.00,-59.95316875531901,(-0.0005759649451905601+0.0008240788941258972j)
256.00,-59.840325109366105,(-0.0004169448078021158+0.0009293049969879589j)
257.00,-59.82510441848851,(-0.0003725136132657472+0.0009499087766715784j)
258.00,-59.77503212070281,(-0.00029461268774510997+0.0009830408241964948j)
259.00,-60.035633543827174,(-0.000246698670708719+0.0009648670414761356j)
260.00,-59.712922538846975,(-0.00019386931108184518+0.0010152587858563553j)
